question,domain,rag_answer,ragas_faithfulness,judge_faithfulness_norm,delta_faithfulness,ragas_context_precision,judge_context_relevance_norm,delta_context,judge_reasoning
What voltage systems does the Honeywell T4 Pro thermostat work with and what is its heating temperature range?,honeywell_products,"The Honeywell T4 Pro Programmable Thermostat (TH4110U2005) works with 24 VAC power systems. Its heating temperature range is not explicitly mentioned in the provided context, but it typically operates within the same temperature range as the cooling mode, which is 50 F to 99 F (10 C to 37 C).",0.5,0.8,0.30000000000000004,0.0,0.8,0.8,"The correctness score is low because the answer incorrectly states the heating temperature range and does not explicitly mention the incompatibility with 120/240 volt line voltage systems, which is a key aspect of the ground truth."
What sensor technologies does the Honeywell XNX Universal Transmitter support and what is its combustible gas detection range?,honeywell_products,"The Honeywell XNX Universal Transmitter supports three sensor technologies: Electrochemical (EC), Infrared (IR), and Catalytic Bead (MPD). Its combustible gas detection range is from 0 to 100% LEL/LFL.",1.0,1.0,0.0,0.3333333333,1.0,0.6666666667000001,"The correctness score is 4 because the answer does not include additional details from the ground truth, such as the number of unique configurations and certifications for hazardous areas, which, although not directly asked, are part of the broader description of the device's capabilities."
What access modifiers exist in Java and what do they control?,java_textbook,"Java provides four access modifiers that control the visibility and accessibility of classes, methods, and variables:

1. **public**: The member is accessible from anywhere in the application.
2. **protected**: The member is accessible within the same package and in subclasses (even if they are in different packages).
3. **default** (no modifier): The member is accessible only within the same package.
4. **private**: The member is accessible only within the same class.

These modifiers help define the scope of access for class members, promoting encapsulation and protecting the integrity of the data.",0.5,1.0,0.5,0.9999999999,0.8,-0.19999999989999995,"The context relevance score is not perfect because while the provided contexts do contain relevant information about access modifiers in Java, not all of the retrieved contexts, such as those discussing inheritance, are directly and highly relevant to the question about access modifiers."
